,Biomass,BiomassCost,BiomassTons,MeOHInput,MeOHLitersIn,MeOHCostIn,Elec,ElecRevenue,MeOH,MeOHRevenue,MeOHLiters,H2,H2Revenue,Heat,HeatRevenue,ObjectiveFunction
0,63997544.216256045,1094358.0060979784,16456.511369894408,211914.5214312515,41917.158085302486,22992.725575290788,490728.0,83423.76000000001,7138741.734492103,774553.4781923932,1412058.8046248127,19427100.0,2335137.420000001,11560703.022168614,0.0,-2075763.926519128
